title,link
蘑菇的拟态日常-第001话,https://m.manhuagui.com/comic/30839/414359.html
蘑菇的拟态日常-第002话,https://m.manhuagui.com/comic/30839/421068.html
蘑菇的拟态日常-第003话,https://m.manhuagui.com/comic/30839/426180.html
蘑菇的拟态日常-第004话,https://m.manhuagui.com/comic/30839/434506.html
蘑菇的拟态日常-第005话,https://m.manhuagui.com/comic/30839/438963.html
蘑菇的拟态日常-第006话,https://m.manhuagui.com/comic/30839/444111.html
蘑菇的拟态日常-第007话,https://m.manhuagui.com/comic/30839/450842.html
蘑菇的拟态日常-第008话,https://m.manhuagui.com/comic/30839/455479.html
蘑菇的拟态日常-第009话,https://m.manhuagui.com/comic/30839/468177.html
蘑菇的拟态日常-第010话,https://m.manhuagui.com/comic/30839/473901.html
蘑菇的拟态日常-第011话,https://m.manhuagui.com/comic/30839/481267.html
蘑菇的拟态日常-第012话,https://m.manhuagui.com/comic/30839/482072.html
蘑菇的拟态日常-第013话,https://m.manhuagui.com/comic/30839/483609.html
蘑菇的拟态日常-第014话,https://m.manhuagui.com/comic/30839/499898.html
蘑菇的拟态日常-第015话,https://m.manhuagui.com/comic/30839/505873.html
蘑菇的拟态日常-第016话,https://m.manhuagui.com/comic/30839/507865.html
蘑菇的拟态日常-第017话,https://m.manhuagui.com/comic/30839/516027.html
蘑菇的拟态日常-第018话,https://m.manhuagui.com/comic/30839/523516.html
蘑菇的拟态日常-第019话,https://m.manhuagui.com/comic/30839/527999.html
蘑菇的拟态日常-第020话,https://m.manhuagui.com/comic/30839/537198.html
蘑菇的拟态日常-第021话,https://m.manhuagui.com/comic/30839/540149.html
蘑菇的拟态日常-第022话,https://m.manhuagui.com/comic/30839/553284.html
蘑菇的拟态日常-第023话,https://m.manhuagui.com/comic/30839/554738.html
蘑菇的拟态日常-第024话,https://m.manhuagui.com/comic/30839/573680.html
蘑菇的拟态日常-第025话,https://m.manhuagui.com/comic/30839/574309.html
蘑菇的拟态日常-第026话,https://m.manhuagui.com/comic/30839/595852.html
蘑菇的拟态日常-第027话,https://m.manhuagui.com/comic/30839/595853.html
蘑菇的拟态日常-第028话,https://m.manhuagui.com/comic/30839/609764.html
蘑菇的拟态日常-第029话,https://m.manhuagui.com/comic/30839/630913.html
蘑菇的拟态日常-第030话,https://m.manhuagui.com/comic/30839/630914.html
蘑菇的拟态日常-第031话,https://m.manhuagui.com/comic/30839/630915.html
蘑菇的拟态日常-第032话,https://m.manhuagui.com/comic/30839/630916.html
蘑菇的拟态日常-第033话,https://m.manhuagui.com/comic/30839/630917.html
蘑菇的拟态日常-第034话,https://m.manhuagui.com/comic/30839/642812.html
蘑菇的拟态日常-第035话,https://m.manhuagui.com/comic/30839/642813.html
蘑菇的拟态日常-第036话,https://m.manhuagui.com/comic/30839/646065.html
蘑菇的拟态日常-第037话,https://m.manhuagui.com/comic/30839/646066.html
蘑菇的拟态日常-第038话,https://m.manhuagui.com/comic/30839/692630.html
蘑菇的拟态日常-第039话,https://m.manhuagui.com/comic/30839/692631.html
蘑菇的拟态日常-第040话,https://m.manhuagui.com/comic/30839/692632.html
蘑菇的拟态日常-第041话,https://m.manhuagui.com/comic/30839/693086.html
蘑菇的拟态日常-第042话,https://m.manhuagui.com/comic/30839/694508.html
蘑菇的拟态日常-第043话,https://m.manhuagui.com/comic/30839/778824.html
蘑菇的拟态日常-第044话,https://m.manhuagui.com/comic/30839/778942.html
蘑菇的拟态日常-第045话,https://m.manhuagui.com/comic/30839/779089.html
蘑菇的拟态日常-第046话,https://m.manhuagui.com/comic/30839/779366.html
蘑菇的拟态日常-第047话,https://m.manhuagui.com/comic/30839/779533.html
蘑菇的拟态日常-第048话,https://m.manhuagui.com/comic/30839/779636.html
蘑菇的拟态日常-第049话,https://m.manhuagui.com/comic/30839/779814.html
少女的终末旅行第01卷-1,https://m.manhuagui.com/comic/15421/868671.html#p=2
午夜蓝,https://m.manhuagui.com/comic/26650/362077.html
某对夫妻的记录,https://m.manhuagui.com/comic/26650/359763.html
白线,https://m.manhuagui.com/comic/26650/357367.html
花开那天,https://m.manhuagui.com/comic/26650/355289.html
今夜所见之人,https://m.manhuagui.com/comic/26650/352014.html
愿在梦中相见,https://m.manhuagui.com/comic/26650/348611.html
盒中的回忆,https://m.manhuagui.com/comic/26650/345283.html
寝屋物语,https://m.manhuagui.com/comic/27188/355467.html
绷带少女限定期,https://m.manhuagui.com/comic/29883/398673.html
绷带少女限定期-加笔,https://m.manhuagui.com/comic/29883/865677.html
愿望,https://m.manhuagui.com/comic/29922/399350.html
零碎的梦-第01回,https://m.manhuagui.com/comic/29943/399688.html
零碎的梦-第02话,https://m.manhuagui.com/comic/29943/423575.html
零碎的梦-第03话,https://m.manhuagui.com/comic/29943/477374.html
零碎的梦-第04话,https://m.manhuagui.com/comic/29943/481324.html
零碎的梦-第05话,https://m.manhuagui.com/comic/29943/481325.html
零碎的梦-第06话,https://m.manhuagui.com/comic/29943/481326.html
零碎的梦-第07话,https://m.manhuagui.com/comic/29943/484038.html
零碎的梦-第08话,https://m.manhuagui.com/comic/29943/490263.html
零碎的梦-第09话,https://m.manhuagui.com/comic/29943/496994.html
零碎的梦-第10话,https://m.manhuagui.com/comic/29943/498787.html
毕业旅行,https://m.manhuagui.com/comic/30256/405462.html
京都美人夜谭-第01话,https://m.manhuagui.com/comic/31401/423902.html
京都美人夜谭-第02话,https://m.manhuagui.com/comic/31401/424767.html
京都美人夜谭-第03话,https://m.manhuagui.com/comic/31401/445970.html
京都美人夜谭-第04话,https://m.manhuagui.com/comic/31401/446361.html
京都美人夜谭-第05话,https://m.manhuagui.com/comic/31401/455481.html
京都美人夜谭-番外,https://m.manhuagui.com/comic/31401/457112.html
针与线,https://m.manhuagui.com/comic/32511/439960.html
冰之屋,https://m.manhuagui.com/comic/33319/451757.html
钟声,https://m.manhuagui.com/comic/33434/453526.html
少女的终末旅行第01卷-2,https://m.manhuagui.com/comic/15421/868671.html#p=12
少女的终末旅行第01卷-3,https://m.manhuagui.com/comic/15421/868671.html#p=22
少女的终末旅行第01卷-4,https://m.manhuagui.com/comic/15421/868671.html#p=32
少女的终末旅行第01卷-5,https://m.manhuagui.com/comic/15421/868671.html#p=42
少女的终末旅行第01卷-6,https://m.manhuagui.com/comic/15421/868671.html#p=52
少女的终末旅行第01卷-7,https://m.manhuagui.com/comic/15421/868671.html#p=62
少女的终末旅行第01卷-8,https://m.manhuagui.com/comic/15421/868671.html#p=72
少女的终末旅行第01卷-9,https://m.manhuagui.com/comic/15421/868671.html#p=82
少女的终末旅行第01卷-10,https://m.manhuagui.com/comic/15421/868671.html#p=92
少女的终末旅行第01卷-11,https://m.manhuagui.com/comic/15421/868671.html#p=102
少女的终末旅行第01卷-12,https://m.manhuagui.com/comic/15421/868671.html#p=112
少女的终末旅行第01卷-13,https://m.manhuagui.com/comic/15421/868671.html#p=122
少女的终末旅行第01卷-14,https://m.manhuagui.com/comic/15421/868671.html#p=132
少女的终末旅行第01卷-15,https://m.manhuagui.com/comic/15421/868671.html#p=142
少女的终末旅行第01卷-16,https://m.manhuagui.com/comic/15421/868671.html#p=152
少女的终末旅行第02卷-1,https://m.manhuagui.com/comic/15421/868672.html#p=2
少女的终末旅行第02卷-2,https://m.manhuagui.com/comic/15421/868672.html#p=12
少女的终末旅行第02卷-3,https://m.manhuagui.com/comic/15421/868672.html#p=22
少女的终末旅行第02卷-4,https://m.manhuagui.com/comic/15421/868672.html#p=32
少女的终末旅行第02卷-5,https://m.manhuagui.com/comic/15421/868672.html#p=42
少女的终末旅行第02卷-6,https://m.manhuagui.com/comic/15421/868672.html#p=52
少女的终末旅行第02卷-7,https://m.manhuagui.com/comic/15421/868672.html#p=62
少女的终末旅行第02卷-8,https://m.manhuagui.com/comic/15421/868672.html#p=72
少女的终末旅行第02卷-9,https://m.manhuagui.com/comic/15421/868672.html#p=82
少女的终末旅行第02卷-10,https://m.manhuagui.com/comic/15421/868672.html#p=92
少女的终末旅行第02卷-11,https://m.manhuagui.com/comic/15421/868672.html#p=102
少女的终末旅行第02卷-12,https://m.manhuagui.com/comic/15421/868672.html#p=112
少女的终末旅行第02卷-13,https://m.manhuagui.com/comic/15421/868672.html#p=122
少女的终末旅行第02卷-14,https://m.manhuagui.com/comic/15421/868672.html#p=132
少女的终末旅行第02卷-15,https://m.manhuagui.com/comic/15421/868672.html#p=142
少女的终末旅行第02卷-16,https://m.manhuagui.com/comic/15421/868672.html#p=152
少女的终末旅行第03卷-1,https://m.manhuagui.com/comic/15421/868673.html#p=2
少女的终末旅行第03卷-2,https://m.manhuagui.com/comic/15421/868673.html#p=12
少女的终末旅行第03卷-3,https://m.manhuagui.com/comic/15421/868673.html#p=22
少女的终末旅行第03卷-4,https://m.manhuagui.com/comic/15421/868673.html#p=32
少女的终末旅行第03卷-5,https://m.manhuagui.com/comic/15421/868673.html#p=42
少女的终末旅行第03卷-6,https://m.manhuagui.com/comic/15421/868673.html#p=52
少女的终末旅行第03卷-7,https://m.manhuagui.com/comic/15421/868673.html#p=62
少女的终末旅行第03卷-8,https://m.manhuagui.com/comic/15421/868673.html#p=72
少女的终末旅行第03卷-9,https://m.manhuagui.com/comic/15421/868673.html#p=82
少女的终末旅行第03卷-10,https://m.manhuagui.com/comic/15421/868673.html#p=92
少女的终末旅行第03卷-11,https://m.manhuagui.com/comic/15421/868673.html#p=102
少女的终末旅行第03卷-12,https://m.manhuagui.com/comic/15421/868673.html#p=112
少女的终末旅行第03卷-13,https://m.manhuagui.com/comic/15421/868673.html#p=122
少女的终末旅行第03卷-14,https://m.manhuagui.com/comic/15421/868673.html#p=132
少女的终末旅行第03卷-15,https://m.manhuagui.com/comic/15421/868673.html#p=142
少女的终末旅行第03卷-16,https://m.manhuagui.com/comic/15421/868673.html#p=152
少女的终末旅行第04卷-1,https://m.manhuagui.com/comic/15421/868674.html#p=2
少女的终末旅行第04卷-2,https://m.manhuagui.com/comic/15421/868674.html#p=12
少女的终末旅行第04卷-3,https://m.manhuagui.com/comic/15421/868674.html#p=22
少女的终末旅行第04卷-4,https://m.manhuagui.com/comic/15421/868674.html#p=32
少女的终末旅行第04卷-5,https://m.manhuagui.com/comic/15421/868674.html#p=42
少女的终末旅行第04卷-6,https://m.manhuagui.com/comic/15421/868674.html#p=52
少女的终末旅行第04卷-7,https://m.manhuagui.com/comic/15421/868674.html#p=62
少女的终末旅行第04卷-8,https://m.manhuagui.com/comic/15421/868674.html#p=72
少女的终末旅行第04卷-9,https://m.manhuagui.com/comic/15421/868674.html#p=82
少女的终末旅行第04卷-10,https://m.manhuagui.com/comic/15421/868674.html#p=92
少女的终末旅行第04卷-11,https://m.manhuagui.com/comic/15421/868674.html#p=102
少女的终末旅行第04卷-12,https://m.manhuagui.com/comic/15421/868674.html#p=112
少女的终末旅行第04卷-13,https://m.manhuagui.com/comic/15421/868674.html#p=122
少女的终末旅行第04卷-14,https://m.manhuagui.com/comic/15421/868674.html#p=132
少女的终末旅行第04卷-15,https://m.manhuagui.com/comic/15421/868674.html#p=142
少女的终末旅行第04卷-16,https://m.manhuagui.com/comic/15421/868674.html#p=152
少女的终末旅行第05卷-1,https://m.manhuagui.com/comic/15421/868675.html#p=2
少女的终末旅行第05卷-2,https://m.manhuagui.com/comic/15421/868675.html#p=12
少女的终末旅行第05卷-3,https://m.manhuagui.com/comic/15421/868675.html#p=22
少女的终末旅行第05卷-4,https://m.manhuagui.com/comic/15421/868675.html#p=32
少女的终末旅行第05卷-5,https://m.manhuagui.com/comic/15421/868675.html#p=42
少女的终末旅行第05卷-6,https://m.manhuagui.com/comic/15421/868675.html#p=52
少女的终末旅行第05卷-7,https://m.manhuagui.com/comic/15421/868675.html#p=62
少女的终末旅行第05卷-8,https://m.manhuagui.com/comic/15421/868675.html#p=72
少女的终末旅行第05卷-9,https://m.manhuagui.com/comic/15421/868675.html#p=82
少女的终末旅行第05卷-10,https://m.manhuagui.com/comic/15421/868675.html#p=92
少女的终末旅行第05卷-11,https://m.manhuagui.com/comic/15421/868675.html#p=102
少女的终末旅行第05卷-12,https://m.manhuagui.com/comic/15421/868675.html#p=112
少女的终末旅行第05卷-13,https://m.manhuagui.com/comic/15421/868675.html#p=122
少女的终末旅行第05卷-14,https://m.manhuagui.com/comic/15421/868675.html#p=132
少女的终末旅行第05卷-15,https://m.manhuagui.com/comic/15421/868675.html#p=142
少女的终末旅行第05卷-16,https://m.manhuagui.com/comic/15421/868675.html#p=152
少女的终末旅行第06卷-1,https://m.manhuagui.com/comic/15421/868676.html#p=2
少女的终末旅行第06卷-2,https://m.manhuagui.com/comic/15421/868676.html#p=12
少女的终末旅行第06卷-3,https://m.manhuagui.com/comic/15421/868676.html#p=22
少女的终末旅行第06卷-4,https://m.manhuagui.com/comic/15421/868676.html#p=32
少女的终末旅行第06卷-5,https://m.manhuagui.com/comic/15421/868676.html#p=42
少女的终末旅行第06卷-6,https://m.manhuagui.com/comic/15421/868676.html#p=52
少女的终末旅行第06卷-7,https://m.manhuagui.com/comic/15421/868676.html#p=62
少女的终末旅行第06卷-8,https://m.manhuagui.com/comic/15421/868676.html#p=72
少女的终末旅行第06卷-9,https://m.manhuagui.com/comic/15421/868676.html#p=82
少女的终末旅行第06卷-10,https://m.manhuagui.com/comic/15421/868676.html#p=92
少女的终末旅行第06卷-11,https://m.manhuagui.com/comic/15421/868676.html#p=102
少女的终末旅行第06卷-12,https://m.manhuagui.com/comic/15421/868676.html#p=112
少女的终末旅行第06卷-13,https://m.manhuagui.com/comic/15421/868676.html#p=122
少女的终末旅行第06卷-14,https://m.manhuagui.com/comic/15421/868676.html#p=132
少女的终末旅行第06卷-15,https://m.manhuagui.com/comic/15421/868676.html#p=142
少女的终末旅行第06卷-16,https://m.manhuagui.com/comic/15421/868676.html#p=152
老夫子 第01卷-1,https://m.manhuagui.com/comic/7567/68582.html#p=10
老夫子 第01卷-2,https://m.manhuagui.com/comic/7567/68582.html#p=20
老夫子 第01卷-3,https://m.manhuagui.com/comic/7567/68582.html#p=30
老夫子 第01卷-4,https://m.manhuagui.com/comic/7567/68582.html#p=40
老夫子 第01卷-5,https://m.manhuagui.com/comic/7567/68582.html#p=50
老夫子 第01卷-6,https://m.manhuagui.com/comic/7567/68582.html#p=60
老夫子 第01卷-7,https://m.manhuagui.com/comic/7567/68582.html#p=70
老夫子 第01卷-8,https://m.manhuagui.com/comic/7567/68582.html#p=80
老夫子 第01卷-9,https://m.manhuagui.com/comic/7567/68582.html#p=90
老夫子 第01卷-10,https://m.manhuagui.com/comic/7567/68582.html#p=100
老夫子 第02卷-1,https://m.manhuagui.com/comic/7567/68583.html#p=10
老夫子 第02卷-2,https://m.manhuagui.com/comic/7567/68583.html#p=20
老夫子 第02卷-3,https://m.manhuagui.com/comic/7567/68583.html#p=30
老夫子 第02卷-4,https://m.manhuagui.com/comic/7567/68583.html#p=40
老夫子 第02卷-5,https://m.manhuagui.com/comic/7567/68583.html#p=50
老夫子 第02卷-6,https://m.manhuagui.com/comic/7567/68583.html#p=60
老夫子 第02卷-7,https://m.manhuagui.com/comic/7567/68583.html#p=70
老夫子 第02卷-8,https://m.manhuagui.com/comic/7567/68583.html#p=80
老夫子 第02卷-9,https://m.manhuagui.com/comic/7567/68583.html#p=90
老夫子 第02卷-10,https://m.manhuagui.com/comic/7567/68583.html#p=100
老夫子 第03卷-1,https://m.manhuagui.com/comic/7567/68584.html#p=10
老夫子 第03卷-2,https://m.manhuagui.com/comic/7567/68584.html#p=20
老夫子 第03卷-3,https://m.manhuagui.com/comic/7567/68584.html#p=30
老夫子 第03卷-4,https://m.manhuagui.com/comic/7567/68584.html#p=40
老夫子 第03卷-5,https://m.manhuagui.com/comic/7567/68584.html#p=50
老夫子 第03卷-6,https://m.manhuagui.com/comic/7567/68584.html#p=60
老夫子 第03卷-7,https://m.manhuagui.com/comic/7567/68584.html#p=70
老夫子 第03卷-8,https://m.manhuagui.com/comic/7567/68584.html#p=80
老夫子 第03卷-9,https://m.manhuagui.com/comic/7567/68584.html#p=90
老夫子 第03卷-10,https://m.manhuagui.com/comic/7567/68584.html#p=100
老夫子 第04卷-1,https://m.manhuagui.com/comic/7567/68585.html#p=10
老夫子 第04卷-2,https://m.manhuagui.com/comic/7567/68585.html#p=20
老夫子 第04卷-3,https://m.manhuagui.com/comic/7567/68585.html#p=30
老夫子 第04卷-4,https://m.manhuagui.com/comic/7567/68585.html#p=40
老夫子 第04卷-5,https://m.manhuagui.com/comic/7567/68585.html#p=50
老夫子 第04卷-6,https://m.manhuagui.com/comic/7567/68585.html#p=60
老夫子 第04卷-7,https://m.manhuagui.com/comic/7567/68585.html#p=70
老夫子 第04卷-8,https://m.manhuagui.com/comic/7567/68585.html#p=80
老夫子 第04卷-9,https://m.manhuagui.com/comic/7567/68585.html#p=90
老夫子 第04卷-10,https://m.manhuagui.com/comic/7567/68585.html#p=100
老夫子 第05卷-1,https://m.manhuagui.com/comic/7567/68586.html#p=10
老夫子 第05卷-2,https://m.manhuagui.com/comic/7567/68586.html#p=20
老夫子 第05卷-3,https://m.manhuagui.com/comic/7567/68586.html#p=30
老夫子 第05卷-4,https://m.manhuagui.com/comic/7567/68586.html#p=40
老夫子 第05卷-5,https://m.manhuagui.com/comic/7567/68586.html#p=50
老夫子 第05卷-6,https://m.manhuagui.com/comic/7567/68586.html#p=60
老夫子 第05卷-7,https://m.manhuagui.com/comic/7567/68586.html#p=70
老夫子 第05卷-8,https://m.manhuagui.com/comic/7567/68586.html#p=80
老夫子 第05卷-9,https://m.manhuagui.com/comic/7567/68586.html#p=90
老夫子 第05卷-10,https://m.manhuagui.com/comic/7567/68586.html#p=100
老夫子 第06卷-1,https://m.manhuagui.com/comic/7567/68587.html#p=10
老夫子 第06卷-2,https://m.manhuagui.com/comic/7567/68587.html#p=20
老夫子 第06卷-3,https://m.manhuagui.com/comic/7567/68587.html#p=30
老夫子 第06卷-4,https://m.manhuagui.com/comic/7567/68587.html#p=40
老夫子 第06卷-5,https://m.manhuagui.com/comic/7567/68587.html#p=50
老夫子 第06卷-6,https://m.manhuagui.com/comic/7567/68587.html#p=60
老夫子 第06卷-7,https://m.manhuagui.com/comic/7567/68587.html#p=70
老夫子 第06卷-8,https://m.manhuagui.com/comic/7567/68587.html#p=80
老夫子 第06卷-9,https://m.manhuagui.com/comic/7567/68587.html#p=90
老夫子 第06卷-10,https://m.manhuagui.com/comic/7567/68587.html#p=100
老夫子 第07卷-1,https://m.manhuagui.com/comic/7567/68588.html#p=10
老夫子 第07卷-2,https://m.manhuagui.com/comic/7567/68588.html#p=20
老夫子 第07卷-3,https://m.manhuagui.com/comic/7567/68588.html#p=30
老夫子 第07卷-4,https://m.manhuagui.com/comic/7567/68588.html#p=40
老夫子 第07卷-5,https://m.manhuagui.com/comic/7567/68588.html#p=50
老夫子 第07卷-6,https://m.manhuagui.com/comic/7567/68588.html#p=60
老夫子 第07卷-7,https://m.manhuagui.com/comic/7567/68588.html#p=70
老夫子 第07卷-8,https://m.manhuagui.com/comic/7567/68588.html#p=80
老夫子 第07卷-9,https://m.manhuagui.com/comic/7567/68588.html#p=90
老夫子 第07卷-10,https://m.manhuagui.com/comic/7567/68588.html#p=100
老夫子 第08卷-1,https://m.manhuagui.com/comic/7567/68589.html#p=10
老夫子 第08卷-2,https://m.manhuagui.com/comic/7567/68589.html#p=20
老夫子 第08卷-3,https://m.manhuagui.com/comic/7567/68589.html#p=30
老夫子 第08卷-4,https://m.manhuagui.com/comic/7567/68589.html#p=40
老夫子 第08卷-5,https://m.manhuagui.com/comic/7567/68589.html#p=50
老夫子 第08卷-6,https://m.manhuagui.com/comic/7567/68589.html#p=60
老夫子 第08卷-7,https://m.manhuagui.com/comic/7567/68589.html#p=70
老夫子 第08卷-8,https://m.manhuagui.com/comic/7567/68589.html#p=80
老夫子 第08卷-9,https://m.manhuagui.com/comic/7567/68589.html#p=90
老夫子 第08卷-10,https://m.manhuagui.com/comic/7567/68589.html#p=100
老夫子 第09卷-1,https://m.manhuagui.com/comic/7567/68590.html#p=10
老夫子 第09卷-2,https://m.manhuagui.com/comic/7567/68590.html#p=20
老夫子 第09卷-3,https://m.manhuagui.com/comic/7567/68590.html#p=30
老夫子 第09卷-4,https://m.manhuagui.com/comic/7567/68590.html#p=40
老夫子 第09卷-5,https://m.manhuagui.com/comic/7567/68590.html#p=50
老夫子 第09卷-6,https://m.manhuagui.com/comic/7567/68590.html#p=60
老夫子 第09卷-7,https://m.manhuagui.com/comic/7567/68590.html#p=70
老夫子 第09卷-8,https://m.manhuagui.com/comic/7567/68590.html#p=80
老夫子 第09卷-9,https://m.manhuagui.com/comic/7567/68590.html#p=90
老夫子 第09卷-10,https://m.manhuagui.com/comic/7567/68590.html#p=100
老夫子 第10卷-1,https://m.manhuagui.com/comic/7567/68591.html#p=10
老夫子 第10卷-2,https://m.manhuagui.com/comic/7567/68591.html#p=20
老夫子 第10卷-3,https://m.manhuagui.com/comic/7567/68591.html#p=30
老夫子 第10卷-4,https://m.manhuagui.com/comic/7567/68591.html#p=40
老夫子 第10卷-5,https://m.manhuagui.com/comic/7567/68591.html#p=50
老夫子 第10卷-6,https://m.manhuagui.com/comic/7567/68591.html#p=60
老夫子 第10卷-7,https://m.manhuagui.com/comic/7567/68591.html#p=70
老夫子 第10卷-8,https://m.manhuagui.com/comic/7567/68591.html#p=80
老夫子 第10卷-9,https://m.manhuagui.com/comic/7567/68591.html#p=90
老夫子 第10卷-10,https://m.manhuagui.com/comic/7567/68591.html#p=100
老夫子 第11卷-1,https://m.manhuagui.com/comic/7567/68592.html#p=10
老夫子 第11卷-2,https://m.manhuagui.com/comic/7567/68592.html#p=20
老夫子 第11卷-3,https://m.manhuagui.com/comic/7567/68592.html#p=30
老夫子 第11卷-4,https://m.manhuagui.com/comic/7567/68592.html#p=40
老夫子 第11卷-5,https://m.manhuagui.com/comic/7567/68592.html#p=50
老夫子 第11卷-6,https://m.manhuagui.com/comic/7567/68592.html#p=60
老夫子 第11卷-7,https://m.manhuagui.com/comic/7567/68592.html#p=70
老夫子 第11卷-8,https://m.manhuagui.com/comic/7567/68592.html#p=80
老夫子 第11卷-9,https://m.manhuagui.com/comic/7567/68592.html#p=90
老夫子 第11卷-10,https://m.manhuagui.com/comic/7567/68592.html#p=100
老夫子 第12卷-1,https://m.manhuagui.com/comic/7567/68593.html#p=10
老夫子 第12卷-2,https://m.manhuagui.com/comic/7567/68593.html#p=20
老夫子 第12卷-3,https://m.manhuagui.com/comic/7567/68593.html#p=30
老夫子 第12卷-4,https://m.manhuagui.com/comic/7567/68593.html#p=40
老夫子 第12卷-5,https://m.manhuagui.com/comic/7567/68593.html#p=50
老夫子 第12卷-6,https://m.manhuagui.com/comic/7567/68593.html#p=60
老夫子 第12卷-7,https://m.manhuagui.com/comic/7567/68593.html#p=70
老夫子 第12卷-8,https://m.manhuagui.com/comic/7567/68593.html#p=80
老夫子 第12卷-9,https://m.manhuagui.com/comic/7567/68593.html#p=90
老夫子 第12卷-10,https://m.manhuagui.com/comic/7567/68593.html#p=100
老夫子 第13卷-1,https://m.manhuagui.com/comic/7567/68594.html#p=10
老夫子 第13卷-2,https://m.manhuagui.com/comic/7567/68594.html#p=20
老夫子 第13卷-3,https://m.manhuagui.com/comic/7567/68594.html#p=30
老夫子 第13卷-4,https://m.manhuagui.com/comic/7567/68594.html#p=40
老夫子 第13卷-5,https://m.manhuagui.com/comic/7567/68594.html#p=50
老夫子 第13卷-6,https://m.manhuagui.com/comic/7567/68594.html#p=60
老夫子 第13卷-7,https://m.manhuagui.com/comic/7567/68594.html#p=70
老夫子 第13卷-8,https://m.manhuagui.com/comic/7567/68594.html#p=80
老夫子 第13卷-9,https://m.manhuagui.com/comic/7567/68594.html#p=90
老夫子 第13卷-10,https://m.manhuagui.com/comic/7567/68594.html#p=100
老夫子 第14卷-1,https://m.manhuagui.com/comic/7567/68595.html#p=10
老夫子 第14卷-2,https://m.manhuagui.com/comic/7567/68595.html#p=20
老夫子 第14卷-3,https://m.manhuagui.com/comic/7567/68595.html#p=30
老夫子 第14卷-4,https://m.manhuagui.com/comic/7567/68595.html#p=40
老夫子 第14卷-5,https://m.manhuagui.com/comic/7567/68595.html#p=50
老夫子 第14卷-6,https://m.manhuagui.com/comic/7567/68595.html#p=60
老夫子 第14卷-7,https://m.manhuagui.com/comic/7567/68595.html#p=70
老夫子 第14卷-8,https://m.manhuagui.com/comic/7567/68595.html#p=80
老夫子 第14卷-9,https://m.manhuagui.com/comic/7567/68595.html#p=90
老夫子 第14卷-10,https://m.manhuagui.com/comic/7567/68595.html#p=100
老夫子 第15卷-1,https://m.manhuagui.com/comic/7567/68596.html#p=10
老夫子 第15卷-2,https://m.manhuagui.com/comic/7567/68596.html#p=20
老夫子 第15卷-3,https://m.manhuagui.com/comic/7567/68596.html#p=30
老夫子 第15卷-4,https://m.manhuagui.com/comic/7567/68596.html#p=40
老夫子 第15卷-5,https://m.manhuagui.com/comic/7567/68596.html#p=50
老夫子 第15卷-6,https://m.manhuagui.com/comic/7567/68596.html#p=60
老夫子 第15卷-7,https://m.manhuagui.com/comic/7567/68596.html#p=70
老夫子 第15卷-8,https://m.manhuagui.com/comic/7567/68596.html#p=80
老夫子 第15卷-9,https://m.manhuagui.com/comic/7567/68596.html#p=90
老夫子 第15卷-10,https://m.manhuagui.com/comic/7567/68596.html#p=100
老夫子 第16卷-1,https://m.manhuagui.com/comic/7567/68597.html#p=10
老夫子 第16卷-2,https://m.manhuagui.com/comic/7567/68597.html#p=20
老夫子 第16卷-3,https://m.manhuagui.com/comic/7567/68597.html#p=30
老夫子 第16卷-4,https://m.manhuagui.com/comic/7567/68597.html#p=40
老夫子 第16卷-5,https://m.manhuagui.com/comic/7567/68597.html#p=50
老夫子 第16卷-6,https://m.manhuagui.com/comic/7567/68597.html#p=60
老夫子 第16卷-7,https://m.manhuagui.com/comic/7567/68597.html#p=70
老夫子 第16卷-8,https://m.manhuagui.com/comic/7567/68597.html#p=80
老夫子 第16卷-9,https://m.manhuagui.com/comic/7567/68597.html#p=90
老夫子 第16卷-10,https://m.manhuagui.com/comic/7567/68597.html#p=100
老夫子 第17卷-1,https://m.manhuagui.com/comic/7567/68598.html#p=10
老夫子 第17卷-2,https://m.manhuagui.com/comic/7567/68598.html#p=20
老夫子 第17卷-3,https://m.manhuagui.com/comic/7567/68598.html#p=30
老夫子 第17卷-4,https://m.manhuagui.com/comic/7567/68598.html#p=40
老夫子 第17卷-5,https://m.manhuagui.com/comic/7567/68598.html#p=50
老夫子 第17卷-6,https://m.manhuagui.com/comic/7567/68598.html#p=60
老夫子 第17卷-7,https://m.manhuagui.com/comic/7567/68598.html#p=70
老夫子 第17卷-8,https://m.manhuagui.com/comic/7567/68598.html#p=80
老夫子 第17卷-9,https://m.manhuagui.com/comic/7567/68598.html#p=90
老夫子 第17卷-10,https://m.manhuagui.com/comic/7567/68598.html#p=100
老夫子 第18卷-1,https://m.manhuagui.com/comic/7567/68599.html#p=10
老夫子 第18卷-2,https://m.manhuagui.com/comic/7567/68599.html#p=20
老夫子 第18卷-3,https://m.manhuagui.com/comic/7567/68599.html#p=30
老夫子 第18卷-4,https://m.manhuagui.com/comic/7567/68599.html#p=40
老夫子 第18卷-5,https://m.manhuagui.com/comic/7567/68599.html#p=50
老夫子 第18卷-6,https://m.manhuagui.com/comic/7567/68599.html#p=60
老夫子 第18卷-7,https://m.manhuagui.com/comic/7567/68599.html#p=70
老夫子 第18卷-8,https://m.manhuagui.com/comic/7567/68599.html#p=80
老夫子 第18卷-9,https://m.manhuagui.com/comic/7567/68599.html#p=90
老夫子 第18卷-10,https://m.manhuagui.com/comic/7567/68599.html#p=100
老夫子 第19卷-1,https://m.manhuagui.com/comic/7567/68600.html#p=10
老夫子 第19卷-2,https://m.manhuagui.com/comic/7567/68600.html#p=20
老夫子 第19卷-3,https://m.manhuagui.com/comic/7567/68600.html#p=30
老夫子 第19卷-4,https://m.manhuagui.com/comic/7567/68600.html#p=40
老夫子 第19卷-5,https://m.manhuagui.com/comic/7567/68600.html#p=50
老夫子 第19卷-6,https://m.manhuagui.com/comic/7567/68600.html#p=60
老夫子 第19卷-7,https://m.manhuagui.com/comic/7567/68600.html#p=70
老夫子 第19卷-8,https://m.manhuagui.com/comic/7567/68600.html#p=80
老夫子 第19卷-9,https://m.manhuagui.com/comic/7567/68600.html#p=90
老夫子 第19卷-10,https://m.manhuagui.com/comic/7567/68600.html#p=100
老夫子 第20卷-1,https://m.manhuagui.com/comic/7567/68601.html#p=10
老夫子 第20卷-2,https://m.manhuagui.com/comic/7567/68601.html#p=20
老夫子 第20卷-3,https://m.manhuagui.com/comic/7567/68601.html#p=30
老夫子 第20卷-4,https://m.manhuagui.com/comic/7567/68601.html#p=40
老夫子 第20卷-5,https://m.manhuagui.com/comic/7567/68601.html#p=50
老夫子 第20卷-6,https://m.manhuagui.com/comic/7567/68601.html#p=60
老夫子 第20卷-7,https://m.manhuagui.com/comic/7567/68601.html#p=70
老夫子 第20卷-8,https://m.manhuagui.com/comic/7567/68601.html#p=80
老夫子 第20卷-9,https://m.manhuagui.com/comic/7567/68601.html#p=90
老夫子 第20卷-10,https://m.manhuagui.com/comic/7567/68601.html#p=100
老夫子 第21卷-1,https://m.manhuagui.com/comic/7567/68602.html#p=10
老夫子 第21卷-2,https://m.manhuagui.com/comic/7567/68602.html#p=20
老夫子 第21卷-3,https://m.manhuagui.com/comic/7567/68602.html#p=30
老夫子 第21卷-4,https://m.manhuagui.com/comic/7567/68602.html#p=40
老夫子 第21卷-5,https://m.manhuagui.com/comic/7567/68602.html#p=50
老夫子 第21卷-6,https://m.manhuagui.com/comic/7567/68602.html#p=60
老夫子 第21卷-7,https://m.manhuagui.com/comic/7567/68602.html#p=70
老夫子 第21卷-8,https://m.manhuagui.com/comic/7567/68602.html#p=80
老夫子 第21卷-9,https://m.manhuagui.com/comic/7567/68602.html#p=90
老夫子 第21卷-10,https://m.manhuagui.com/comic/7567/68602.html#p=100
老夫子 第22卷-1,https://m.manhuagui.com/comic/7567/68603.html#p=10
老夫子 第22卷-2,https://m.manhuagui.com/comic/7567/68603.html#p=20
老夫子 第22卷-3,https://m.manhuagui.com/comic/7567/68603.html#p=30
老夫子 第22卷-4,https://m.manhuagui.com/comic/7567/68603.html#p=40
老夫子 第22卷-5,https://m.manhuagui.com/comic/7567/68603.html#p=50
老夫子 第22卷-6,https://m.manhuagui.com/comic/7567/68603.html#p=60
老夫子 第22卷-7,https://m.manhuagui.com/comic/7567/68603.html#p=70
老夫子 第22卷-8,https://m.manhuagui.com/comic/7567/68603.html#p=80
老夫子 第22卷-9,https://m.manhuagui.com/comic/7567/68603.html#p=90
老夫子 第22卷-10,https://m.manhuagui.com/comic/7567/68603.html#p=100
老夫子 第23卷-1,https://m.manhuagui.com/comic/7567/68604.html#p=10
老夫子 第23卷-2,https://m.manhuagui.com/comic/7567/68604.html#p=20
老夫子 第23卷-3,https://m.manhuagui.com/comic/7567/68604.html#p=30
老夫子 第23卷-4,https://m.manhuagui.com/comic/7567/68604.html#p=40
老夫子 第23卷-5,https://m.manhuagui.com/comic/7567/68604.html#p=50
老夫子 第23卷-6,https://m.manhuagui.com/comic/7567/68604.html#p=60
老夫子 第23卷-7,https://m.manhuagui.com/comic/7567/68604.html#p=70
老夫子 第23卷-8,https://m.manhuagui.com/comic/7567/68604.html#p=80
老夫子 第23卷-9,https://m.manhuagui.com/comic/7567/68604.html#p=90
老夫子 第23卷-10,https://m.manhuagui.com/comic/7567/68604.html#p=100
老夫子 第24卷-1,https://m.manhuagui.com/comic/7567/68605.html#p=10
老夫子 第24卷-2,https://m.manhuagui.com/comic/7567/68605.html#p=20
老夫子 第24卷-3,https://m.manhuagui.com/comic/7567/68605.html#p=30
老夫子 第24卷-4,https://m.manhuagui.com/comic/7567/68605.html#p=40
老夫子 第24卷-5,https://m.manhuagui.com/comic/7567/68605.html#p=50
老夫子 第24卷-6,https://m.manhuagui.com/comic/7567/68605.html#p=60
老夫子 第24卷-7,https://m.manhuagui.com/comic/7567/68605.html#p=70
老夫子 第24卷-8,https://m.manhuagui.com/comic/7567/68605.html#p=80
老夫子 第24卷-9,https://m.manhuagui.com/comic/7567/68605.html#p=90
老夫子 第24卷-10,https://m.manhuagui.com/comic/7567/68605.html#p=100
老夫子 第25卷-1,https://m.manhuagui.com/comic/7567/68606.html#p=10
老夫子 第25卷-2,https://m.manhuagui.com/comic/7567/68606.html#p=20
老夫子 第25卷-3,https://m.manhuagui.com/comic/7567/68606.html#p=30
老夫子 第25卷-4,https://m.manhuagui.com/comic/7567/68606.html#p=40
老夫子 第25卷-5,https://m.manhuagui.com/comic/7567/68606.html#p=50
老夫子 第25卷-6,https://m.manhuagui.com/comic/7567/68606.html#p=60
老夫子 第25卷-7,https://m.manhuagui.com/comic/7567/68606.html#p=70
老夫子 第25卷-8,https://m.manhuagui.com/comic/7567/68606.html#p=80
老夫子 第25卷-9,https://m.manhuagui.com/comic/7567/68606.html#p=90
老夫子 第25卷-10,https://m.manhuagui.com/comic/7567/68606.html#p=100
老夫子 第26卷-1,https://m.manhuagui.com/comic/7567/68607.html#p=10
老夫子 第26卷-2,https://m.manhuagui.com/comic/7567/68607.html#p=20
老夫子 第26卷-3,https://m.manhuagui.com/comic/7567/68607.html#p=30
老夫子 第26卷-4,https://m.manhuagui.com/comic/7567/68607.html#p=40
老夫子 第26卷-5,https://m.manhuagui.com/comic/7567/68607.html#p=50
老夫子 第26卷-6,https://m.manhuagui.com/comic/7567/68607.html#p=60
老夫子 第26卷-7,https://m.manhuagui.com/comic/7567/68607.html#p=70
老夫子 第26卷-8,https://m.manhuagui.com/comic/7567/68607.html#p=80
老夫子 第26卷-9,https://m.manhuagui.com/comic/7567/68607.html#p=90
老夫子 第26卷-10,https://m.manhuagui.com/comic/7567/68607.html#p=100
老夫子 第27卷-1,https://m.manhuagui.com/comic/7567/68608.html#p=10
老夫子 第27卷-2,https://m.manhuagui.com/comic/7567/68608.html#p=20
老夫子 第27卷-3,https://m.manhuagui.com/comic/7567/68608.html#p=30
老夫子 第27卷-4,https://m.manhuagui.com/comic/7567/68608.html#p=40
老夫子 第27卷-5,https://m.manhuagui.com/comic/7567/68608.html#p=50
老夫子 第27卷-6,https://m.manhuagui.com/comic/7567/68608.html#p=60
老夫子 第27卷-7,https://m.manhuagui.com/comic/7567/68608.html#p=70
老夫子 第27卷-8,https://m.manhuagui.com/comic/7567/68608.html#p=80
老夫子 第27卷-9,https://m.manhuagui.com/comic/7567/68608.html#p=90
老夫子 第27卷-10,https://m.manhuagui.com/comic/7567/68608.html#p=100
老夫子 第28卷-1,https://m.manhuagui.com/comic/7567/68609.html#p=10
老夫子 第28卷-2,https://m.manhuagui.com/comic/7567/68609.html#p=20
老夫子 第28卷-3,https://m.manhuagui.com/comic/7567/68609.html#p=30
老夫子 第28卷-4,https://m.manhuagui.com/comic/7567/68609.html#p=40
老夫子 第28卷-5,https://m.manhuagui.com/comic/7567/68609.html#p=50
老夫子 第28卷-6,https://m.manhuagui.com/comic/7567/68609.html#p=60
老夫子 第28卷-7,https://m.manhuagui.com/comic/7567/68609.html#p=70
老夫子 第28卷-8,https://m.manhuagui.com/comic/7567/68609.html#p=80
老夫子 第28卷-9,https://m.manhuagui.com/comic/7567/68609.html#p=90
老夫子 第28卷-10,https://m.manhuagui.com/comic/7567/68609.html#p=100
老夫子 第29卷-1,https://m.manhuagui.com/comic/7567/325065.html#p=10
老夫子 第29卷-2,https://m.manhuagui.com/comic/7567/325065.html#p=20
老夫子 第29卷-3,https://m.manhuagui.com/comic/7567/325065.html#p=30
老夫子 第29卷-4,https://m.manhuagui.com/comic/7567/325065.html#p=40
老夫子 第29卷-5,https://m.manhuagui.com/comic/7567/325065.html#p=50
老夫子 第29卷-6,https://m.manhuagui.com/comic/7567/325065.html#p=60
老夫子 第29卷-7,https://m.manhuagui.com/comic/7567/325065.html#p=70
老夫子 第29卷-8,https://m.manhuagui.com/comic/7567/325065.html#p=80
老夫子 第29卷-9,https://m.manhuagui.com/comic/7567/325065.html#p=90
老夫子 第29卷-10,https://m.manhuagui.com/comic/7567/325065.html#p=100
老夫子 第30卷-1,https://m.manhuagui.com/comic/7567/325066.html#p=10
老夫子 第30卷-2,https://m.manhuagui.com/comic/7567/325066.html#p=20
老夫子 第30卷-3,https://m.manhuagui.com/comic/7567/325066.html#p=30
老夫子 第30卷-4,https://m.manhuagui.com/comic/7567/325066.html#p=40
老夫子 第30卷-5,https://m.manhuagui.com/comic/7567/325066.html#p=50
老夫子 第30卷-6,https://m.manhuagui.com/comic/7567/325066.html#p=60
老夫子 第30卷-7,https://m.manhuagui.com/comic/7567/325066.html#p=70
老夫子 第30卷-8,https://m.manhuagui.com/comic/7567/325066.html#p=80
老夫子 第30卷-9,https://m.manhuagui.com/comic/7567/325066.html#p=90
老夫子 第30卷-10,https://m.manhuagui.com/comic/7567/325066.html#p=100
老夫子 第31卷-1,https://m.manhuagui.com/comic/7567/325067.html#p=10
老夫子 第31卷-2,https://m.manhuagui.com/comic/7567/325067.html#p=20
老夫子 第31卷-3,https://m.manhuagui.com/comic/7567/325067.html#p=30
老夫子 第31卷-4,https://m.manhuagui.com/comic/7567/325067.html#p=40
老夫子 第31卷-5,https://m.manhuagui.com/comic/7567/325067.html#p=50
老夫子 第31卷-6,https://m.manhuagui.com/comic/7567/325067.html#p=60
老夫子 第31卷-7,https://m.manhuagui.com/comic/7567/325067.html#p=70
老夫子 第31卷-8,https://m.manhuagui.com/comic/7567/325067.html#p=80
老夫子 第31卷-9,https://m.manhuagui.com/comic/7567/325067.html#p=90
老夫子 第31卷-10,https://m.manhuagui.com/comic/7567/325067.html#p=100
老夫子 第32卷-1,https://m.manhuagui.com/comic/7567/325068.html#p=10
老夫子 第32卷-2,https://m.manhuagui.com/comic/7567/325068.html#p=20
老夫子 第32卷-3,https://m.manhuagui.com/comic/7567/325068.html#p=30
老夫子 第32卷-4,https://m.manhuagui.com/comic/7567/325068.html#p=40
老夫子 第32卷-5,https://m.manhuagui.com/comic/7567/325068.html#p=50
老夫子 第32卷-6,https://m.manhuagui.com/comic/7567/325068.html#p=60
老夫子 第32卷-7,https://m.manhuagui.com/comic/7567/325068.html#p=70
老夫子 第32卷-8,https://m.manhuagui.com/comic/7567/325068.html#p=80
老夫子 第32卷-9,https://m.manhuagui.com/comic/7567/325068.html#p=90
老夫子 第32卷-10,https://m.manhuagui.com/comic/7567/325068.html#p=100
老夫子 第33卷-1,https://m.manhuagui.com/comic/7567/325069.html#p=10
老夫子 第33卷-2,https://m.manhuagui.com/comic/7567/325069.html#p=20
老夫子 第33卷-3,https://m.manhuagui.com/comic/7567/325069.html#p=30
老夫子 第33卷-4,https://m.manhuagui.com/comic/7567/325069.html#p=40
老夫子 第33卷-5,https://m.manhuagui.com/comic/7567/325069.html#p=50
老夫子 第33卷-6,https://m.manhuagui.com/comic/7567/325069.html#p=60
老夫子 第33卷-7,https://m.manhuagui.com/comic/7567/325069.html#p=70
老夫子 第33卷-8,https://m.manhuagui.com/comic/7567/325069.html#p=80
老夫子 第33卷-9,https://m.manhuagui.com/comic/7567/325069.html#p=90
老夫子 第33卷-10,https://m.manhuagui.com/comic/7567/325069.html#p=100
老夫子 第34卷-1,https://m.manhuagui.com/comic/7567/325070.html#p=10
老夫子 第34卷-2,https://m.manhuagui.com/comic/7567/325070.html#p=20
老夫子 第34卷-3,https://m.manhuagui.com/comic/7567/325070.html#p=30
老夫子 第34卷-4,https://m.manhuagui.com/comic/7567/325070.html#p=40
老夫子 第34卷-5,https://m.manhuagui.com/comic/7567/325070.html#p=50
老夫子 第34卷-6,https://m.manhuagui.com/comic/7567/325070.html#p=60
老夫子 第34卷-7,https://m.manhuagui.com/comic/7567/325070.html#p=70
老夫子 第34卷-8,https://m.manhuagui.com/comic/7567/325070.html#p=80
老夫子 第34卷-9,https://m.manhuagui.com/comic/7567/325070.html#p=90
老夫子 第34卷-10,https://m.manhuagui.com/comic/7567/325070.html#p=100
老夫子 第35卷-1,https://m.manhuagui.com/comic/7567/325071.html#p=10
老夫子 第35卷-2,https://m.manhuagui.com/comic/7567/325071.html#p=20
老夫子 第35卷-3,https://m.manhuagui.com/comic/7567/325071.html#p=30
老夫子 第35卷-4,https://m.manhuagui.com/comic/7567/325071.html#p=40
老夫子 第35卷-5,https://m.manhuagui.com/comic/7567/325071.html#p=50
老夫子 第35卷-6,https://m.manhuagui.com/comic/7567/325071.html#p=60
老夫子 第35卷-7,https://m.manhuagui.com/comic/7567/325071.html#p=70
老夫子 第35卷-8,https://m.manhuagui.com/comic/7567/325071.html#p=80
老夫子 第35卷-9,https://m.manhuagui.com/comic/7567/325071.html#p=90
老夫子 第35卷-10,https://m.manhuagui.com/comic/7567/325071.html#p=100
老夫子 第36卷-1,https://m.manhuagui.com/comic/7567/325072.html#p=10
老夫子 第36卷-2,https://m.manhuagui.com/comic/7567/325072.html#p=20
老夫子 第36卷-3,https://m.manhuagui.com/comic/7567/325072.html#p=30
老夫子 第36卷-4,https://m.manhuagui.com/comic/7567/325072.html#p=40
老夫子 第36卷-5,https://m.manhuagui.com/comic/7567/325072.html#p=50
老夫子 第36卷-6,https://m.manhuagui.com/comic/7567/325072.html#p=60
老夫子 第36卷-7,https://m.manhuagui.com/comic/7567/325072.html#p=70
老夫子 第36卷-8,https://m.manhuagui.com/comic/7567/325072.html#p=80
老夫子 第36卷-9,https://m.manhuagui.com/comic/7567/325072.html#p=90
老夫子 第36卷-10,https://m.manhuagui.com/comic/7567/325072.html#p=100
老夫子 第37卷-1,https://m.manhuagui.com/comic/7567/325073.html#p=10
老夫子 第37卷-2,https://m.manhuagui.com/comic/7567/325073.html#p=20
老夫子 第37卷-3,https://m.manhuagui.com/comic/7567/325073.html#p=30
老夫子 第37卷-4,https://m.manhuagui.com/comic/7567/325073.html#p=40
老夫子 第37卷-5,https://m.manhuagui.com/comic/7567/325073.html#p=50
老夫子 第37卷-6,https://m.manhuagui.com/comic/7567/325073.html#p=60
老夫子 第37卷-7,https://m.manhuagui.com/comic/7567/325073.html#p=70
老夫子 第37卷-8,https://m.manhuagui.com/comic/7567/325073.html#p=80
老夫子 第37卷-9,https://m.manhuagui.com/comic/7567/325073.html#p=90
老夫子 第37卷-10,https://m.manhuagui.com/comic/7567/325073.html#p=100
老夫子 第38卷-1,https://m.manhuagui.com/comic/7567/325074.html#p=10
老夫子 第38卷-2,https://m.manhuagui.com/comic/7567/325074.html#p=20
老夫子 第38卷-3,https://m.manhuagui.com/comic/7567/325074.html#p=30
老夫子 第38卷-4,https://m.manhuagui.com/comic/7567/325074.html#p=40
老夫子 第38卷-5,https://m.manhuagui.com/comic/7567/325074.html#p=50
老夫子 第38卷-6,https://m.manhuagui.com/comic/7567/325074.html#p=60
老夫子 第38卷-7,https://m.manhuagui.com/comic/7567/325074.html#p=70
老夫子 第38卷-8,https://m.manhuagui.com/comic/7567/325074.html#p=80
老夫子 第38卷-9,https://m.manhuagui.com/comic/7567/325074.html#p=90
老夫子 第38卷-10,https://m.manhuagui.com/comic/7567/325074.html#p=100
老夫子 第39卷-1,https://m.manhuagui.com/comic/7567/325075.html#p=10
老夫子 第39卷-2,https://m.manhuagui.com/comic/7567/325075.html#p=20
老夫子 第39卷-3,https://m.manhuagui.com/comic/7567/325075.html#p=30
老夫子 第39卷-4,https://m.manhuagui.com/comic/7567/325075.html#p=40
老夫子 第39卷-5,https://m.manhuagui.com/comic/7567/325075.html#p=50
老夫子 第39卷-6,https://m.manhuagui.com/comic/7567/325075.html#p=60
老夫子 第39卷-7,https://m.manhuagui.com/comic/7567/325075.html#p=70
老夫子 第39卷-8,https://m.manhuagui.com/comic/7567/325075.html#p=80
老夫子 第39卷-9,https://m.manhuagui.com/comic/7567/325075.html#p=90
老夫子 第39卷-10,https://m.manhuagui.com/comic/7567/325075.html#p=100
老夫子 第40卷-1,https://m.manhuagui.com/comic/7567/325076.html#p=10
老夫子 第40卷-2,https://m.manhuagui.com/comic/7567/325076.html#p=20
老夫子 第40卷-3,https://m.manhuagui.com/comic/7567/325076.html#p=30
老夫子 第40卷-4,https://m.manhuagui.com/comic/7567/325076.html#p=40
老夫子 第40卷-5,https://m.manhuagui.com/comic/7567/325076.html#p=50
老夫子 第40卷-6,https://m.manhuagui.com/comic/7567/325076.html#p=60
老夫子 第40卷-7,https://m.manhuagui.com/comic/7567/325076.html#p=70
老夫子 第40卷-8,https://m.manhuagui.com/comic/7567/325076.html#p=80
老夫子 第40卷-9,https://m.manhuagui.com/comic/7567/325076.html#p=90
老夫子 第40卷-10,https://m.manhuagui.com/comic/7567/325076.html#p=100
老夫子 第41卷-1,https://m.manhuagui.com/comic/7567/325077.html#p=10
老夫子 第41卷-2,https://m.manhuagui.com/comic/7567/325077.html#p=20
老夫子 第41卷-3,https://m.manhuagui.com/comic/7567/325077.html#p=30
老夫子 第41卷-4,https://m.manhuagui.com/comic/7567/325077.html#p=40
老夫子 第41卷-5,https://m.manhuagui.com/comic/7567/325077.html#p=50
老夫子 第41卷-6,https://m.manhuagui.com/comic/7567/325077.html#p=60
老夫子 第41卷-7,https://m.manhuagui.com/comic/7567/325077.html#p=70
老夫子 第41卷-8,https://m.manhuagui.com/comic/7567/325077.html#p=80
老夫子 第41卷-9,https://m.manhuagui.com/comic/7567/325077.html#p=90
老夫子 第41卷-10,https://m.manhuagui.com/comic/7567/325077.html#p=100
老夫子 第42卷-1,https://m.manhuagui.com/comic/7567/325078.html#p=10
老夫子 第42卷-2,https://m.manhuagui.com/comic/7567/325078.html#p=20
老夫子 第42卷-3,https://m.manhuagui.com/comic/7567/325078.html#p=30
老夫子 第42卷-4,https://m.manhuagui.com/comic/7567/325078.html#p=40
老夫子 第42卷-5,https://m.manhuagui.com/comic/7567/325078.html#p=50
老夫子 第42卷-6,https://m.manhuagui.com/comic/7567/325078.html#p=60
老夫子 第42卷-7,https://m.manhuagui.com/comic/7567/325078.html#p=70
老夫子 第42卷-8,https://m.manhuagui.com/comic/7567/325078.html#p=80
老夫子 第42卷-9,https://m.manhuagui.com/comic/7567/325078.html#p=90
老夫子 第42卷-10,https://m.manhuagui.com/comic/7567/325078.html#p=100
老夫子 第43卷-1,https://m.manhuagui.com/comic/7567/325079.html#p=10
老夫子 第43卷-2,https://m.manhuagui.com/comic/7567/325079.html#p=20
老夫子 第43卷-3,https://m.manhuagui.com/comic/7567/325079.html#p=30
老夫子 第43卷-4,https://m.manhuagui.com/comic/7567/325079.html#p=40
老夫子 第43卷-5,https://m.manhuagui.com/comic/7567/325079.html#p=50
老夫子 第43卷-6,https://m.manhuagui.com/comic/7567/325079.html#p=60
老夫子 第43卷-7,https://m.manhuagui.com/comic/7567/325079.html#p=70
老夫子 第43卷-8,https://m.manhuagui.com/comic/7567/325079.html#p=80
老夫子 第43卷-9,https://m.manhuagui.com/comic/7567/325079.html#p=90
老夫子 第43卷-10,https://m.manhuagui.com/comic/7567/325079.html#p=100
老夫子 第44卷-1,https://m.manhuagui.com/comic/7567/325080.html#p=10
老夫子 第44卷-2,https://m.manhuagui.com/comic/7567/325080.html#p=20
老夫子 第44卷-3,https://m.manhuagui.com/comic/7567/325080.html#p=30
老夫子 第44卷-4,https://m.manhuagui.com/comic/7567/325080.html#p=40
老夫子 第44卷-5,https://m.manhuagui.com/comic/7567/325080.html#p=50
老夫子 第44卷-6,https://m.manhuagui.com/comic/7567/325080.html#p=60
老夫子 第44卷-7,https://m.manhuagui.com/comic/7567/325080.html#p=70
老夫子 第44卷-8,https://m.manhuagui.com/comic/7567/325080.html#p=80
老夫子 第44卷-9,https://m.manhuagui.com/comic/7567/325080.html#p=90
老夫子 第44卷-10,https://m.manhuagui.com/comic/7567/325080.html#p=100
老夫子 第45卷-1,https://m.manhuagui.com/comic/7567/325081.html#p=10
老夫子 第45卷-2,https://m.manhuagui.com/comic/7567/325081.html#p=20
老夫子 第45卷-3,https://m.manhuagui.com/comic/7567/325081.html#p=30
老夫子 第45卷-4,https://m.manhuagui.com/comic/7567/325081.html#p=40
老夫子 第45卷-5,https://m.manhuagui.com/comic/7567/325081.html#p=50
老夫子 第45卷-6,https://m.manhuagui.com/comic/7567/325081.html#p=60
老夫子 第45卷-7,https://m.manhuagui.com/comic/7567/325081.html#p=70
老夫子 第45卷-8,https://m.manhuagui.com/comic/7567/325081.html#p=80
老夫子 第45卷-9,https://m.manhuagui.com/comic/7567/325081.html#p=90
老夫子 第45卷-10,https://m.manhuagui.com/comic/7567/325081.html#p=100
老夫子 第46卷-1,https://m.manhuagui.com/comic/7567/325082.html#p=10
老夫子 第46卷-2,https://m.manhuagui.com/comic/7567/325082.html#p=20
老夫子 第46卷-3,https://m.manhuagui.com/comic/7567/325082.html#p=30
老夫子 第46卷-4,https://m.manhuagui.com/comic/7567/325082.html#p=40
老夫子 第46卷-5,https://m.manhuagui.com/comic/7567/325082.html#p=50
老夫子 第46卷-6,https://m.manhuagui.com/comic/7567/325082.html#p=60
老夫子 第46卷-7,https://m.manhuagui.com/comic/7567/325082.html#p=70
老夫子 第46卷-8,https://m.manhuagui.com/comic/7567/325082.html#p=80
老夫子 第46卷-9,https://m.manhuagui.com/comic/7567/325082.html#p=90
老夫子 第46卷-10,https://m.manhuagui.com/comic/7567/325082.html#p=100
老夫子 第47卷-1,https://m.manhuagui.com/comic/7567/325083.html#p=10
老夫子 第47卷-2,https://m.manhuagui.com/comic/7567/325083.html#p=20
老夫子 第47卷-3,https://m.manhuagui.com/comic/7567/325083.html#p=30
老夫子 第47卷-4,https://m.manhuagui.com/comic/7567/325083.html#p=40
老夫子 第47卷-5,https://m.manhuagui.com/comic/7567/325083.html#p=50
老夫子 第47卷-6,https://m.manhuagui.com/comic/7567/325083.html#p=60
老夫子 第47卷-7,https://m.manhuagui.com/comic/7567/325083.html#p=70
老夫子 第47卷-8,https://m.manhuagui.com/comic/7567/325083.html#p=80
老夫子 第47卷-9,https://m.manhuagui.com/comic/7567/325083.html#p=90
老夫子 第47卷-10,https://m.manhuagui.com/comic/7567/325083.html#p=100
老夫子 第48卷-1,https://m.manhuagui.com/comic/7567/325084.html#p=10
老夫子 第48卷-2,https://m.manhuagui.com/comic/7567/325084.html#p=20
老夫子 第48卷-3,https://m.manhuagui.com/comic/7567/325084.html#p=30
老夫子 第48卷-4,https://m.manhuagui.com/comic/7567/325084.html#p=40
老夫子 第48卷-5,https://m.manhuagui.com/comic/7567/325084.html#p=50
老夫子 第48卷-6,https://m.manhuagui.com/comic/7567/325084.html#p=60
老夫子 第48卷-7,https://m.manhuagui.com/comic/7567/325084.html#p=70
老夫子 第48卷-8,https://m.manhuagui.com/comic/7567/325084.html#p=80
老夫子 第48卷-9,https://m.manhuagui.com/comic/7567/325084.html#p=90
老夫子 第48卷-10,https://m.manhuagui.com/comic/7567/325084.html#p=100
老夫子 第49卷-1,https://m.manhuagui.com/comic/7567/325085.html#p=10
老夫子 第49卷-2,https://m.manhuagui.com/comic/7567/325085.html#p=20
老夫子 第49卷-3,https://m.manhuagui.com/comic/7567/325085.html#p=30
老夫子 第49卷-4,https://m.manhuagui.com/comic/7567/325085.html#p=40
老夫子 第49卷-5,https://m.manhuagui.com/comic/7567/325085.html#p=50
老夫子 第49卷-6,https://m.manhuagui.com/comic/7567/325085.html#p=60
老夫子 第49卷-7,https://m.manhuagui.com/comic/7567/325085.html#p=70
老夫子 第49卷-8,https://m.manhuagui.com/comic/7567/325085.html#p=80
老夫子 第49卷-9,https://m.manhuagui.com/comic/7567/325085.html#p=90
老夫子 第49卷-10,https://m.manhuagui.com/comic/7567/325085.html#p=100
老夫子 第50卷-1,https://m.manhuagui.com/comic/7567/325086.html#p=10
老夫子 第50卷-2,https://m.manhuagui.com/comic/7567/325086.html#p=20
老夫子 第50卷-3,https://m.manhuagui.com/comic/7567/325086.html#p=30
老夫子 第50卷-4,https://m.manhuagui.com/comic/7567/325086.html#p=40
老夫子 第50卷-5,https://m.manhuagui.com/comic/7567/325086.html#p=50
老夫子 第50卷-6,https://m.manhuagui.com/comic/7567/325086.html#p=60
老夫子 第50卷-7,https://m.manhuagui.com/comic/7567/325086.html#p=70
老夫子 第50卷-8,https://m.manhuagui.com/comic/7567/325086.html#p=80
老夫子 第50卷-9,https://m.manhuagui.com/comic/7567/325086.html#p=90
老夫子 第50卷-10,https://m.manhuagui.com/comic/7567/325086.html#p=100
老夫子 第51卷-1,https://m.manhuagui.com/comic/7567/325087.html#p=10
老夫子 第51卷-2,https://m.manhuagui.com/comic/7567/325087.html#p=20
老夫子 第51卷-3,https://m.manhuagui.com/comic/7567/325087.html#p=30
老夫子 第51卷-4,https://m.manhuagui.com/comic/7567/325087.html#p=40
老夫子 第51卷-5,https://m.manhuagui.com/comic/7567/325087.html#p=50
老夫子 第51卷-6,https://m.manhuagui.com/comic/7567/325087.html#p=60
老夫子 第51卷-7,https://m.manhuagui.com/comic/7567/325087.html#p=70
老夫子 第51卷-8,https://m.manhuagui.com/comic/7567/325087.html#p=80
老夫子 第51卷-9,https://m.manhuagui.com/comic/7567/325087.html#p=90
老夫子 第51卷-10,https://m.manhuagui.com/comic/7567/325087.html#p=100
老夫子 第52卷-1,https://m.manhuagui.com/comic/7567/325088.html#p=10
老夫子 第52卷-2,https://m.manhuagui.com/comic/7567/325088.html#p=20
老夫子 第52卷-3,https://m.manhuagui.com/comic/7567/325088.html#p=30
老夫子 第52卷-4,https://m.manhuagui.com/comic/7567/325088.html#p=40
老夫子 第52卷-5,https://m.manhuagui.com/comic/7567/325088.html#p=50
老夫子 第52卷-6,https://m.manhuagui.com/comic/7567/325088.html#p=60
老夫子 第52卷-7,https://m.manhuagui.com/comic/7567/325088.html#p=70
老夫子 第52卷-8,https://m.manhuagui.com/comic/7567/325088.html#p=80
老夫子 第52卷-9,https://m.manhuagui.com/comic/7567/325088.html#p=90
老夫子 第52卷-10,https://m.manhuagui.com/comic/7567/325088.html#p=100
老夫子 第53卷-1,https://m.manhuagui.com/comic/7567/325089.html#p=10
老夫子 第53卷-2,https://m.manhuagui.com/comic/7567/325089.html#p=20
老夫子 第53卷-3,https://m.manhuagui.com/comic/7567/325089.html#p=30
老夫子 第53卷-4,https://m.manhuagui.com/comic/7567/325089.html#p=40
老夫子 第53卷-5,https://m.manhuagui.com/comic/7567/325089.html#p=50
老夫子 第53卷-6,https://m.manhuagui.com/comic/7567/325089.html#p=60
老夫子 第53卷-7,https://m.manhuagui.com/comic/7567/325089.html#p=70
老夫子 第53卷-8,https://m.manhuagui.com/comic/7567/325089.html#p=80
老夫子 第53卷-9,https://m.manhuagui.com/comic/7567/325089.html#p=90
老夫子 第53卷-10,https://m.manhuagui.com/comic/7567/325089.html#p=100
老夫子 第54卷-1,https://m.manhuagui.com/comic/7567/325090.html#p=10
老夫子 第54卷-2,https://m.manhuagui.com/comic/7567/325090.html#p=20
老夫子 第54卷-3,https://m.manhuagui.com/comic/7567/325090.html#p=30
老夫子 第54卷-4,https://m.manhuagui.com/comic/7567/325090.html#p=40
老夫子 第54卷-5,https://m.manhuagui.com/comic/7567/325090.html#p=50
老夫子 第54卷-6,https://m.manhuagui.com/comic/7567/325090.html#p=60
老夫子 第54卷-7,https://m.manhuagui.com/comic/7567/325090.html#p=70
老夫子 第54卷-8,https://m.manhuagui.com/comic/7567/325090.html#p=80
老夫子 第54卷-9,https://m.manhuagui.com/comic/7567/325090.html#p=90
老夫子 第54卷-10,https://m.manhuagui.com/comic/7567/325090.html#p=100
老夫子 第55卷-1,https://m.manhuagui.com/comic/7567/325091.html#p=10
老夫子 第55卷-2,https://m.manhuagui.com/comic/7567/325091.html#p=20
老夫子 第55卷-3,https://m.manhuagui.com/comic/7567/325091.html#p=30
老夫子 第55卷-4,https://m.manhuagui.com/comic/7567/325091.html#p=40
老夫子 第55卷-5,https://m.manhuagui.com/comic/7567/325091.html#p=50
老夫子 第55卷-6,https://m.manhuagui.com/comic/7567/325091.html#p=60
老夫子 第55卷-7,https://m.manhuagui.com/comic/7567/325091.html#p=70
老夫子 第55卷-8,https://m.manhuagui.com/comic/7567/325091.html#p=80
老夫子 第55卷-9,https://m.manhuagui.com/comic/7567/325091.html#p=90
老夫子 第55卷-10,https://m.manhuagui.com/comic/7567/325091.html#p=100
老夫子 第56卷-1,https://m.manhuagui.com/comic/7567/325092.html#p=10
老夫子 第56卷-2,https://m.manhuagui.com/comic/7567/325092.html#p=20
老夫子 第56卷-3,https://m.manhuagui.com/comic/7567/325092.html#p=30
老夫子 第56卷-4,https://m.manhuagui.com/comic/7567/325092.html#p=40
老夫子 第56卷-5,https://m.manhuagui.com/comic/7567/325092.html#p=50
老夫子 第56卷-6,https://m.manhuagui.com/comic/7567/325092.html#p=60
老夫子 第56卷-7,https://m.manhuagui.com/comic/7567/325092.html#p=70
老夫子 第56卷-8,https://m.manhuagui.com/comic/7567/325092.html#p=80
老夫子 第56卷-9,https://m.manhuagui.com/comic/7567/325092.html#p=90
老夫子 第56卷-10,https://m.manhuagui.com/comic/7567/325092.html#p=100
老夫子 第57卷-1,https://m.manhuagui.com/comic/7567/325093.html#p=10
老夫子 第57卷-2,https://m.manhuagui.com/comic/7567/325093.html#p=20
老夫子 第57卷-3,https://m.manhuagui.com/comic/7567/325093.html#p=30
老夫子 第57卷-4,https://m.manhuagui.com/comic/7567/325093.html#p=40
老夫子 第57卷-5,https://m.manhuagui.com/comic/7567/325093.html#p=50
老夫子 第57卷-6,https://m.manhuagui.com/comic/7567/325093.html#p=60
老夫子 第57卷-7,https://m.manhuagui.com/comic/7567/325093.html#p=70
老夫子 第57卷-8,https://m.manhuagui.com/comic/7567/325093.html#p=80
老夫子 第57卷-9,https://m.manhuagui.com/comic/7567/325093.html#p=90
老夫子 第57卷-10,https://m.manhuagui.com/comic/7567/325093.html#p=100
老夫子 第58卷-1,https://m.manhuagui.com/comic/7567/325094.html#p=10
老夫子 第58卷-2,https://m.manhuagui.com/comic/7567/325094.html#p=20
老夫子 第58卷-3,https://m.manhuagui.com/comic/7567/325094.html#p=30
老夫子 第58卷-4,https://m.manhuagui.com/comic/7567/325094.html#p=40
老夫子 第58卷-5,https://m.manhuagui.com/comic/7567/325094.html#p=50
老夫子 第58卷-6,https://m.manhuagui.com/comic/7567/325094.html#p=60
老夫子 第58卷-7,https://m.manhuagui.com/comic/7567/325094.html#p=70
老夫子 第58卷-8,https://m.manhuagui.com/comic/7567/325094.html#p=80
老夫子 第58卷-9,https://m.manhuagui.com/comic/7567/325094.html#p=90
老夫子 第58卷-10,https://m.manhuagui.com/comic/7567/325094.html#p=100
老夫子 第59卷-1,https://m.manhuagui.com/comic/7567/325095.html#p=10
老夫子 第59卷-2,https://m.manhuagui.com/comic/7567/325095.html#p=20
老夫子 第59卷-3,https://m.manhuagui.com/comic/7567/325095.html#p=30
老夫子 第59卷-4,https://m.manhuagui.com/comic/7567/325095.html#p=40
老夫子 第59卷-5,https://m.manhuagui.com/comic/7567/325095.html#p=50
老夫子 第59卷-6,https://m.manhuagui.com/comic/7567/325095.html#p=60
老夫子 第59卷-7,https://m.manhuagui.com/comic/7567/325095.html#p=70
老夫子 第59卷-8,https://m.manhuagui.com/comic/7567/325095.html#p=80
老夫子 第59卷-9,https://m.manhuagui.com/comic/7567/325095.html#p=90
老夫子 第59卷-10,https://m.manhuagui.com/comic/7567/325095.html#p=100
老夫子 第60卷-1,https://m.manhuagui.com/comic/7567/325096.html#p=10
老夫子 第60卷-2,https://m.manhuagui.com/comic/7567/325096.html#p=20
老夫子 第60卷-3,https://m.manhuagui.com/comic/7567/325096.html#p=30
老夫子 第60卷-4,https://m.manhuagui.com/comic/7567/325096.html#p=40
老夫子 第60卷-5,https://m.manhuagui.com/comic/7567/325096.html#p=50
老夫子 第60卷-6,https://m.manhuagui.com/comic/7567/325096.html#p=60
老夫子 第60卷-7,https://m.manhuagui.com/comic/7567/325096.html#p=70
老夫子 第60卷-8,https://m.manhuagui.com/comic/7567/325096.html#p=80
老夫子 第60卷-9,https://m.manhuagui.com/comic/7567/325096.html#p=90
老夫子 第60卷-10,https://m.manhuagui.com/comic/7567/325096.html#p=100
老夫子 第61卷-1,https://m.manhuagui.com/comic/7567/325097.html#p=10
老夫子 第61卷-2,https://m.manhuagui.com/comic/7567/325097.html#p=20
老夫子 第61卷-3,https://m.manhuagui.com/comic/7567/325097.html#p=30
老夫子 第61卷-4,https://m.manhuagui.com/comic/7567/325097.html#p=40
老夫子 第61卷-5,https://m.manhuagui.com/comic/7567/325097.html#p=50
老夫子 第61卷-6,https://m.manhuagui.com/comic/7567/325097.html#p=60
老夫子 第61卷-7,https://m.manhuagui.com/comic/7567/325097.html#p=70
老夫子 第61卷-8,https://m.manhuagui.com/comic/7567/325097.html#p=80
老夫子 第61卷-9,https://m.manhuagui.com/comic/7567/325097.html#p=90
老夫子 第61卷-10,https://m.manhuagui.com/comic/7567/325097.html#p=100
老夫子 第62卷-1,https://m.manhuagui.com/comic/7567/325098.html#p=10
老夫子 第62卷-2,https://m.manhuagui.com/comic/7567/325098.html#p=20
老夫子 第62卷-3,https://m.manhuagui.com/comic/7567/325098.html#p=30
老夫子 第62卷-4,https://m.manhuagui.com/comic/7567/325098.html#p=40
老夫子 第62卷-5,https://m.manhuagui.com/comic/7567/325098.html#p=50
老夫子 第62卷-6,https://m.manhuagui.com/comic/7567/325098.html#p=60
老夫子 第62卷-7,https://m.manhuagui.com/comic/7567/325098.html#p=70
老夫子 第62卷-8,https://m.manhuagui.com/comic/7567/325098.html#p=80
老夫子 第62卷-9,https://m.manhuagui.com/comic/7567/325098.html#p=90
老夫子 第62卷-10,https://m.manhuagui.com/comic/7567/325098.html#p=100
老夫子 第63卷-1,https://m.manhuagui.com/comic/7567/325099.html#p=10
老夫子 第63卷-2,https://m.manhuagui.com/comic/7567/325099.html#p=20
老夫子 第63卷-3,https://m.manhuagui.com/comic/7567/325099.html#p=30
老夫子 第63卷-4,https://m.manhuagui.com/comic/7567/325099.html#p=40
老夫子 第63卷-5,https://m.manhuagui.com/comic/7567/325099.html#p=50
老夫子 第63卷-6,https://m.manhuagui.com/comic/7567/325099.html#p=60
老夫子 第63卷-7,https://m.manhuagui.com/comic/7567/325099.html#p=70
老夫子 第63卷-8,https://m.manhuagui.com/comic/7567/325099.html#p=80
老夫子 第63卷-9,https://m.manhuagui.com/comic/7567/325099.html#p=90
老夫子 第63卷-10,https://m.manhuagui.com/comic/7567/325099.html#p=100
老夫子 第64卷-1,https://m.manhuagui.com/comic/7567/325100.html#p=10
老夫子 第64卷-2,https://m.manhuagui.com/comic/7567/325100.html#p=20
老夫子 第64卷-3,https://m.manhuagui.com/comic/7567/325100.html#p=30
老夫子 第64卷-4,https://m.manhuagui.com/comic/7567/325100.html#p=40
老夫子 第64卷-5,https://m.manhuagui.com/comic/7567/325100.html#p=50
老夫子 第64卷-6,https://m.manhuagui.com/comic/7567/325100.html#p=60
老夫子 第64卷-7,https://m.manhuagui.com/comic/7567/325100.html#p=70
老夫子 第64卷-8,https://m.manhuagui.com/comic/7567/325100.html#p=80
老夫子 第64卷-9,https://m.manhuagui.com/comic/7567/325100.html#p=90
老夫子 第64卷-10,https://m.manhuagui.com/comic/7567/325100.html#p=100
老夫子 第65卷-1,https://m.manhuagui.com/comic/7567/325101.html#p=10
老夫子 第65卷-2,https://m.manhuagui.com/comic/7567/325101.html#p=20
老夫子 第65卷-3,https://m.manhuagui.com/comic/7567/325101.html#p=30
老夫子 第65卷-4,https://m.manhuagui.com/comic/7567/325101.html#p=40
老夫子 第65卷-5,https://m.manhuagui.com/comic/7567/325101.html#p=50
老夫子 第65卷-6,https://m.manhuagui.com/comic/7567/325101.html#p=60
老夫子 第65卷-7,https://m.manhuagui.com/comic/7567/325101.html#p=70
老夫子 第65卷-8,https://m.manhuagui.com/comic/7567/325101.html#p=80
老夫子 第65卷-9,https://m.manhuagui.com/comic/7567/325101.html#p=90
老夫子 第65卷-10,https://m.manhuagui.com/comic/7567/325101.html#p=100
老夫子 第66卷-1,https://m.manhuagui.com/comic/7567/325102.html#p=10
老夫子 第66卷-2,https://m.manhuagui.com/comic/7567/325102.html#p=20
老夫子 第66卷-3,https://m.manhuagui.com/comic/7567/325102.html#p=30
老夫子 第66卷-4,https://m.manhuagui.com/comic/7567/325102.html#p=40
老夫子 第66卷-5,https://m.manhuagui.com/comic/7567/325102.html#p=50
老夫子 第66卷-6,https://m.manhuagui.com/comic/7567/325102.html#p=60
老夫子 第66卷-7,https://m.manhuagui.com/comic/7567/325102.html#p=70
老夫子 第66卷-8,https://m.manhuagui.com/comic/7567/325102.html#p=80
老夫子 第66卷-9,https://m.manhuagui.com/comic/7567/325102.html#p=90
老夫子 第66卷-10,https://m.manhuagui.com/comic/7567/325102.html#p=100
老夫子 第67卷-1,https://m.manhuagui.com/comic/7567/325103.html#p=10
老夫子 第67卷-2,https://m.manhuagui.com/comic/7567/325103.html#p=20
老夫子 第67卷-3,https://m.manhuagui.com/comic/7567/325103.html#p=30
老夫子 第67卷-4,https://m.manhuagui.com/comic/7567/325103.html#p=40
老夫子 第67卷-5,https://m.manhuagui.com/comic/7567/325103.html#p=50
老夫子 第67卷-6,https://m.manhuagui.com/comic/7567/325103.html#p=60
老夫子 第67卷-7,https://m.manhuagui.com/comic/7567/325103.html#p=70
老夫子 第67卷-8,https://m.manhuagui.com/comic/7567/325103.html#p=80
老夫子 第67卷-9,https://m.manhuagui.com/comic/7567/325103.html#p=90
老夫子 第67卷-10,https://m.manhuagui.com/comic/7567/325103.html#p=100
老夫子 第68卷-1,https://m.manhuagui.com/comic/7567/325104.html#p=10
老夫子 第68卷-2,https://m.manhuagui.com/comic/7567/325104.html#p=20
老夫子 第68卷-3,https://m.manhuagui.com/comic/7567/325104.html#p=30
老夫子 第68卷-4,https://m.manhuagui.com/comic/7567/325104.html#p=40
老夫子 第68卷-5,https://m.manhuagui.com/comic/7567/325104.html#p=50
老夫子 第68卷-6,https://m.manhuagui.com/comic/7567/325104.html#p=60
老夫子 第68卷-7,https://m.manhuagui.com/comic/7567/325104.html#p=70
老夫子 第68卷-8,https://m.manhuagui.com/comic/7567/325104.html#p=80
老夫子 第68卷-9,https://m.manhuagui.com/comic/7567/325104.html#p=90
老夫子 第68卷-10,https://m.manhuagui.com/comic/7567/325104.html#p=100
老夫子 第69卷-1,https://m.manhuagui.com/comic/7567/325105.html#p=10
老夫子 第69卷-2,https://m.manhuagui.com/comic/7567/325105.html#p=20
老夫子 第69卷-3,https://m.manhuagui.com/comic/7567/325105.html#p=30
老夫子 第69卷-4,https://m.manhuagui.com/comic/7567/325105.html#p=40
老夫子 第69卷-5,https://m.manhuagui.com/comic/7567/325105.html#p=50
老夫子 第69卷-6,https://m.manhuagui.com/comic/7567/325105.html#p=60
老夫子 第69卷-7,https://m.manhuagui.com/comic/7567/325105.html#p=70
老夫子 第69卷-8,https://m.manhuagui.com/comic/7567/325105.html#p=80
老夫子 第69卷-9,https://m.manhuagui.com/comic/7567/325105.html#p=90
老夫子 第69卷-10,https://m.manhuagui.com/comic/7567/325105.html#p=100
老夫子 第70卷-1,https://m.manhuagui.com/comic/7567/325106.html#p=10
老夫子 第70卷-2,https://m.manhuagui.com/comic/7567/325106.html#p=20
老夫子 第70卷-3,https://m.manhuagui.com/comic/7567/325106.html#p=30
老夫子 第70卷-4,https://m.manhuagui.com/comic/7567/325106.html#p=40
老夫子 第70卷-5,https://m.manhuagui.com/comic/7567/325106.html#p=50
老夫子 第70卷-6,https://m.manhuagui.com/comic/7567/325106.html#p=60
老夫子 第70卷-7,https://m.manhuagui.com/comic/7567/325106.html#p=70
老夫子 第70卷-8,https://m.manhuagui.com/comic/7567/325106.html#p=80
老夫子 第70卷-9,https://m.manhuagui.com/comic/7567/325106.html#p=90
老夫子 第70卷-10,https://m.manhuagui.com/comic/7567/325106.html#p=100
